"","run","cvauc","cvdev","cvcorr","intnull","intdev","residual_deviance","dev_exp","evauc","evresdev","evnulldev","evdev"
"1","25",0.825,1.04661848929011,0.556600708380455,1.36739585197843,0.234589977894255,0.505856736755207,0.630058306800255,0.853333333333333,0.947519556702538,1.34602333401851,0.296060081013792
