"","run","cvauc","cvdev","cvcorr","intnull","intdev","residual_deviance","dev_exp","evauc","evresdev","evnulldev","evdev"
"1","902",0.85418,0.96319189238838,0.632677792588647,1.36739585197843,0.295601276693375,0.386109178399889,0.717631746621695,0.82,1.00026441840304,1.34602333401851,0.256874384623941
