"","run","cvauc","cvdev","cvcorr","intnull","intdev","residual_deviance","dev_exp","evauc","evresdev","evnulldev","evdev"
"1","867",0.77918,1.06280602973611,0.525478541931184,1.36739585197843,0.222751752392416,0.510249694744647,0.626845661403471,0.853333333333333,0.949404706285521,1.34602333401851,0.29465954839646
