"","run","cvauc","cvdev","cvcorr","intnull","intdev","residual_deviance","dev_exp","evauc","evresdev","evnulldev","evdev"
"1","197",0.84416,1.0047702120942,0.609620792161371,1.36739585197843,0.265194339561263,0.442927095286392,0.676079831128975,0.846666666666667,0.974748401007309,1.34602333401851,0.27583097828087
