"","run","cvauc","cvdev","cvcorr","intnull","intdev","residual_deviance","dev_exp","evauc","evresdev","evnulldev","evdev"
"1","15",0.82915,1.07348862183084,0.552930100322312,1.36739585197843,0.214939389879198,0.467650357168807,0.657999286386467,0.86,0.963664182921149,1.34602333401851,0.284065767237365
