"","run","cvauc","cvdev","cvcorr","intnull","intdev","residual_deviance","dev_exp","evauc","evresdev","evnulldev","evdev"
"1","118",0.79168,1.07821561096523,0.539538693800775,1.36739585197843,0.211482461786611,0.412887856683964,0.698048040670466,0.84,0.991799836447852,1.34602333401851,0.263162969480727
