"","run","cvauc","cvdev","cvcorr","intnull","intdev","residual_deviance","dev_exp","evauc","evresdev","evnulldev","evdev"
"1","979",0.805,1.08014973486066,0.521531157786444,1.36739585197843,0.210068003864547,0.477200874054792,0.651014829857535,0.84,0.977506323366851,1.34602333401851,0.273782037307976
