"","run","cvauc","cvdev","cvcorr","intnull","intdev","residual_deviance","dev_exp","evauc","evresdev","evnulldev","evdev"
"1","68",0.85751,0.96186458390117,0.629807017359251,1.36739585197843,0.296571960117117,0.325292018128049,0.762108377279778,0.82,1.063898581124,1.34602333401851,0.209598708851683
