"","run","cvauc","cvdev","cvcorr","intnull","intdev","residual_deviance","dev_exp","evauc","evresdev","evnulldev","evdev"
"1","672",0.82751,1.04730050910267,0.561341604578458,1.36739585197843,0.234091205127342,0.510429161986869,0.626714413936279,0.84,0.968205765967029,1.34602333401851,0.280691692709012
