"","run","cvauc","cvdev","cvcorr","intnull","intdev","residual_deviance","dev_exp","evauc","evresdev","evnulldev","evdev"
"1","288",0.82833,1.01145525910853,0.58238098547483,1.36739585197843,0.260305450213926,0.388120507077874,0.716160827520196,0.833333333333333,0.998443319890488,1.34602333401851,0.258227331832603
