"","run","cvauc","cvdev","cvcorr","intnull","intdev","residual_deviance","dev_exp","evauc","evresdev","evnulldev","evdev"
"1","304",0.84584,0.985513717355677,0.61288411987133,1.36739585197843,0.27927694388587,0.365338518491669,0.732821685861431,0.813333333333333,1.04380700308275,1.34602333401851,0.224525328274585
