"","run","cvauc","cvdev","cvcorr","intnull","intdev","residual_deviance","dev_exp","evauc","evresdev","evnulldev","evdev"
"1","961",0.81333,1.07685625088709,0.530137640516438,1.36739585197843,0.21247658508761,0.508970581081446,0.627781099127193,0.853333333333333,0.96129128305688,1.34602333401851,0.28582866376694
