"","run","cvauc","cvdev","cvcorr","intnull","intdev","residual_deviance","dev_exp","evauc","evresdev","evnulldev","evdev"
"1","61",0.83583,1.04182195889187,0.577958626548516,1.36739585197843,0.23809776270383,0.444800752233612,0.67470959372149,0.833333333333333,0.991485492322676,1.34602333401851,0.263396504901126
