"","run","cvauc","cvdev","cvcorr","intnull","intdev","residual_deviance","dev_exp","evauc","evresdev","evnulldev","evdev"
"1","997",0.8025,1.08026794942944,0.548890759605423,1.36739585197843,0.209981551526247,0.551034041968633,0.597019369942241,0.853333333333333,0.94304139814588,1.34602333401851,0.299387035638931
