"","run","cvauc","cvdev","cvcorr","intnull","intdev","residual_deviance","dev_exp","evauc","evresdev","evnulldev","evdev"
"1","789",0.79583,1.14124759415896,0.486231968954455,1.36739585197843,0.1653860932021,0.546798012874398,0.600117250550923,0.853333333333333,0.964982331713781,1.34602333401851,0.283086476047295
