"","run","cvauc","cvdev","cvcorr","intnull","intdev","residual_deviance","dev_exp","evauc","evresdev","evnulldev","evdev"
"1","876",0.79916,1.03101444324441,0.548088862137848,1.36739585197843,0.246001483950183,0.413505396034258,0.697596423569683,0.82,1.00958189385705,1.34602333401851,0.249952160306927
