"","run","cvauc","cvdev","cvcorr","intnull","intdev","residual_deviance","dev_exp","evauc","evresdev","evnulldev","evdev"
"1","901",0.82167,1.00179020080761,0.597099740158342,1.36739585197843,0.267373672840851,0.384694822104885,0.718666089597766,0.833333333333333,1.01255062483294,1.34602333401851,0.247746603463406
