"","run","cvauc","cvdev","cvcorr","intnull","intdev","residual_deviance","dev_exp","evauc","evresdev","evnulldev","evdev"
"1","527",0.835,1.02766818237386,0.586899428243144,1.36739585197843,0.24844866182169,0.412354221103973,0.698438297507372,0.826666666666667,0.992596356765824,1.34602333401851,0.262571211301028
