"","run","cvauc","cvdev","cvcorr","intnull","intdev","residual_deviance","dev_exp","evauc","evresdev","evnulldev","evdev"
"1","477",0.83167,1.03048623332685,0.56351938594962,1.36739585197843,0.246387772907252,0.473232165368119,0.653917214474932,0.84,0.987673671890073,1.34602333401851,0.266228417496001
