"","run","cvauc","cvdev","cvcorr","intnull","intdev","residual_deviance","dev_exp","evauc","evresdev","evnulldev","evdev"
"1","72",0.8725,1.0125413834145,0.6148986705212,1.36739585197843,0.259511148911636,0.410432369486224,0.699843780502635,0.813333333333333,1.01254126282133,1.34602333401851,0.247753558774933
