"","run","cvauc","cvdev","cvcorr","intnull","intdev","residual_deviance","dev_exp","evauc","evresdev","evnulldev","evdev"
"1","949",0.83084,1.00879126489402,0.58179608985401,1.36739585197843,0.262253674797651,0.469694633761741,0.65650427191061,0.846666666666667,0.978837744041106,1.34602333401851,0.272792886049891
