"","run","cvauc","cvdev","cvcorr","intnull","intdev","residual_deviance","dev_exp","evauc","evresdev","evnulldev","evdev"
"1","487",0.73333,1.16819600706114,0.441408928280998,1.36739585197843,0.145678257418341,0.696477277643335,0.490654241318905,0.866666666666667,0.988189178223748,1.34602333401851,0.265845432802759
