"","run","cvauc","cvdev","cvcorr","intnull","intdev","residual_deviance","dev_exp","evauc","evresdev","evnulldev","evdev"
"1","330",0.83999,1.02585518790874,0.57470686503822,1.36739585197843,0.249774535717309,0.44217763537719,0.676627923993318,0.826666666666667,0.996024960408601,1.34602333401851,0.26002400163822
